observed_at,service,cpu_percent,memory_bytes
2026-09-28T02:25:19.032704Z,cronlite_1,0.300,13474202
2026-09-28T02:25:19.032704Z,cronlite_2,0.820,8523874
2026-09-28T02:25:19.032704Z,cronlite_3,0.200,16819159
2026-09-28T02:25:19.032704Z,postgres,4.230,70013420
2026-09-28T02:25:22.190866Z,cronlite_1,3.130,15015608
2026-09-28T02:25:22.190866Z,cronlite_2,0.590,8802796
2026-09-28T02:25:22.190866Z,cronlite_3,2.160,16850616
2026-09-28T02:25:22.190866Z,postgres,16.150,79870034
2026-09-28T02:25:24.2241Z,cronlite_1,3.900,15403581
2026-09-28T02:25:24.2241Z,cronlite_2,0.610,9064940
2026-09-28T02:25:24.2241Z,cronlite_3,0.710,16892559
2026-09-28T02:25:24.2241Z,postgres,15.490,79744205
2026-09-28T02:25:26.25752Z,cronlite_1,3.420,15718154
2026-09-28T02:25:26.25752Z,cronlite_2,2.130,9080668
2026-09-28T02:25:26.25752Z,cronlite_3,0.290,17154703
2026-09-28T02:25:26.25752Z,postgres,17.610,79607890
2026-09-28T02:25:28.289046Z,cronlite_1,4.420,15823012
2026-09-28T02:25:28.289046Z,cronlite_2,0.240,9097445
2026-09-28T02:25:28.289046Z,cronlite_3,0.880,17186161
2026-09-28T02:25:28.289046Z,postgres,17.150,79744205
2026-09-28T02:25:30.312252Z,cronlite_1,3.910,15823012
2026-09-28T02:25:30.312252Z,cronlite_2,0.830,9146728
2026-09-28T02:25:30.312252Z,cronlite_3,1.250,17521705
2026-09-28T02:25:30.312252Z,postgres,18.210,79922463
2026-09-28T02:25:32.329991Z,cronlite_1,4.400,15875441
2026-09-28T02:25:32.329991Z,cronlite_2,0.570,9162457
2026-09-28T02:25:32.329991Z,cronlite_3,0.900,17710449
2026-09-28T02:25:32.329991Z,postgres,15.650,79911977
2026-09-28T02:25:34.356753Z,cronlite_1,2.790,15875441
2026-09-28T02:25:34.356753Z,cronlite_2,0.200,9196012
2026-09-28T02:25:34.356753Z,cronlite_3,1.430,17815306
2026-09-28T02:25:34.356753Z,postgres,24.040,81935729
2026-09-28T02:25:36.392572Z,cronlite_1,3.500,15875441
2026-09-28T02:25:36.392572Z,cronlite_2,0.620,9211740
2026-09-28T02:25:36.392572Z,cronlite_3,2.500,18486395
2026-09-28T02:25:36.392572Z,postgres,18.140,81746985
2026-09-28T02:25:38.458226Z,cronlite_1,2.620,9453961
2026-09-28T02:25:38.458226Z,cronlite_2,1.080,7741637
2026-09-28T02:25:38.458226Z,cronlite_3,0.510,8281653
2026-09-28T02:25:38.458226Z,postgres,12.840,51527025
2026-09-28T02:25:40.49761Z,cronlite_1,1.840,9469690
2026-09-28T02:25:40.49761Z,cronlite_2,1.090,7774142
2026-09-28T02:25:40.49761Z,cronlite_3,0.800,8281653
2026-09-28T02:25:40.49761Z,postgres,18.360,51023708
2026-09-28T02:25:42.5283Z,cronlite_1,3.410,9748611
2026-09-28T02:25:42.5283Z,cronlite_2,1.420,8053064
2026-09-28T02:25:42.5283Z,cronlite_3,0.700,8281653
2026-09-28T02:25:42.5283Z,postgres,15.120,50971279
2026-09-28T02:25:44.557085Z,cronlite_1,2.640,9764340
2026-09-28T02:25:44.557085Z,cronlite_2,1.050,8528069
2026-09-28T02:25:44.557085Z,cronlite_3,0.840,8560574
2026-09-28T02:25:44.557085Z,postgres,12.920,51170509
2026-09-28T02:25:46.583995Z,cronlite_1,3.740,9797894
2026-09-28T02:25:46.583995Z,cronlite_2,0.490,8528069
2026-09-28T02:25:46.583995Z,cronlite_3,1.490,8577352
2026-09-28T02:25:46.583995Z,postgres,16.140,50876908
2026-09-28T02:25:48.614934Z,cronlite_1,4.000,9797894
2026-09-28T02:25:48.614934Z,cronlite_2,1.530,8790213
2026-09-28T02:25:48.614934Z,cronlite_3,1.910,8577352
2026-09-28T02:25:48.614934Z,postgres,14.100,51118080
2026-09-28T02:25:50.632067Z,cronlite_1,2.560,9469690
2026-09-28T02:25:50.632067Z,cronlite_2,0.680,8790213
2026-09-28T02:25:50.632067Z,cronlite_3,0.480,8593080
2026-09-28T02:25:50.632067Z,postgres,11.560,51663340
2026-09-28T02:25:52.65083Z,cronlite_1,1.870,9469690
2026-09-28T02:25:52.65083Z,cronlite_2,0.970,8790213
2026-09-28T02:25:52.65083Z,cronlite_3,0.430,8593080
2026-09-28T02:25:52.65083Z,postgres,9.150,50939822
2026-09-28T02:25:54.675716Z,cronlite_1,3.800,9469690
2026-09-28T02:25:54.675716Z,cronlite_2,1.210,8790213
2026-09-28T02:25:54.675716Z,cronlite_3,0.370,8609858
2026-09-28T02:25:54.675716Z,postgres,14.760,51453624
2026-09-28T02:25:56.700934Z,cronlite_1,3.210,9469690
2026-09-28T02:25:56.700934Z,cronlite_2,1.250,8790213
2026-09-28T02:25:56.700934Z,cronlite_3,0.590,8626635
2026-09-28T02:25:56.700934Z,postgres,13.760,51243909
2026-09-28T02:25:58.727554Z,cronlite_1,3.640,9469690
2026-09-28T02:25:58.727554Z,cronlite_2,0.960,8790213
2026-09-28T02:25:58.727554Z,cronlite_3,1.150,8904507
2026-09-28T02:25:58.727554Z,postgres,15.830,51264881
2026-09-28T02:26:00.752478Z,cronlite_1,3.740,9731834
2026-09-28T02:26:00.752478Z,cronlite_2,0.880,8790213
2026-09-28T02:26:00.752478Z,cronlite_3,0.510,8904507
2026-09-28T02:26:00.752478Z,postgres,13.150,51201966
2026-09-28T02:26:02.779076Z,cronlite_1,3.320,9748611
2026-09-28T02:26:02.779076Z,cronlite_2,0.270,8790213
2026-09-28T02:26:02.779076Z,cronlite_3,1.780,8921285
2026-09-28T02:26:02.779076Z,postgres,14.600,51852083
2026-09-28T02:26:04.798176Z,cronlite_1,2.900,9781117
2026-09-28T02:26:04.798176Z,cronlite_2,1.390,8790213
2026-09-28T02:26:04.798176Z,cronlite_3,1.080,8953790
2026-09-28T02:26:04.798176Z,postgres,14.180,51610911
2026-09-28T02:26:06.809601Z,cronlite_1,3.020,9437184
2026-09-28T02:26:06.809601Z,cronlite_2,0.360,8790213
2026-09-28T02:26:06.809601Z,cronlite_3,1.770,9101640
2026-09-28T02:26:06.809601Z,postgres,15.070,55731814
2026-09-28T02:26:08.828454Z,cronlite_1,4.890,9437184
2026-09-28T02:26:08.828454Z,cronlite_2,0.440,8790213
2026-09-28T02:26:08.828454Z,cronlite_3,0.240,9117368
2026-09-28T02:26:08.828454Z,postgres,14.380,51537510
2026-09-28T02:26:10.854371Z,cronlite_1,2.350,9699328
2026-09-28T02:26:10.854371Z,cronlite_2,1.580,8790213
2026-09-28T02:26:10.854371Z,cronlite_3,0.180,9363784
2026-09-28T02:26:10.854371Z,postgres,11.480,51998884
2026-09-28T02:26:12.873354Z,cronlite_1,3.810,9592373
2026-09-28T02:26:12.873354Z,cronlite_2,0.910,9084862
2026-09-28T02:26:12.873354Z,cronlite_3,0.580,9363784
2026-09-28T02:26:12.873354Z,postgres,14.450,51998884
2026-09-28T02:26:14.9154Z,cronlite_1,3.400,9609150
2026-09-28T02:26:14.9154Z,cronlite_2,16.270,9084862
2026-09-28T02:26:14.9154Z,cronlite_3,1.640,9363784
2026-09-28T02:26:14.9154Z,postgres,14.380,52376371
2026-09-28T02:26:16.962394Z,cronlite_1,5.430,9625928
2026-09-28T02:26:16.962394Z,cronlite_2,0.380,9084862
2026-09-28T02:26:16.962394Z,cronlite_3,0.220,9363784
2026-09-28T02:26:16.962394Z,postgres,14.030,52554629
2026-09-28T02:26:18.990733Z,cronlite_1,5.700,9740222
2026-09-28T02:26:18.990733Z,cronlite_2,0.320,9084862
2026-09-28T02:26:18.990733Z,cronlite_3,0.510,9363784
2026-09-28T02:26:18.990733Z,postgres,17.250,52690944
2026-09-28T02:26:21.010303Z,cronlite_1,4.370,9740222
2026-09-28T02:26:21.010303Z,cronlite_2,1.120,9084862
2026-09-28T02:26:21.010303Z,cronlite_3,0.810,9363784
2026-09-28T02:26:21.010303Z,postgres,16.880,52428800
2026-09-28T02:26:23.133717Z,cronlite_1,7.420,15015608
2026-09-28T02:26:23.133717Z,cronlite_2,2.830,10129244
2026-09-28T02:26:23.133717Z,cronlite_3,4.610,13306429
2026-09-28T02:26:23.133717Z,postgres,13.850,52858716
2026-09-28T02:26:25.125936Z,cronlite_1,2.130,15015608
2026-09-28T02:26:25.125936Z,cronlite_2,0.140,10129244
2026-09-28T02:26:25.125936Z,cronlite_3,1.100,13568573
2026-09-28T02:26:25.125936Z,postgres,10.340,56885248
2026-09-28T02:26:27.164826Z,cronlite_1,3.100,15015608
2026-09-28T02:26:27.164826Z,cronlite_2,0.750,10129244
2026-09-28T02:26:27.164826Z,cronlite_3,2.550,13568573
2026-09-28T02:26:27.164826Z,postgres,14.320,57147392
2026-09-28T02:26:29.209422Z,cronlite_1,4.080,15015608
2026-09-28T02:26:29.209422Z,cronlite_2,0.780,10129244
2026-09-28T02:26:29.209422Z,cronlite_3,0.210,13568573
2026-09-28T02:26:29.209422Z,postgres,13.360,56759419
